{"products":[{"id":"0.44109357343254096","qty":6}],"totalPrice":125.91999999999999}